{
  "meta": {
    "notebook": "nb01_ml_baseline",
    "trial": "trial_2",
    "timestamp": "2026-06-04T10:07:59.921190+00:00",
    "git_hash": "75dff0b",
    "k_fixed": 50,
    "n_splits": 5,
    "random_state": 42,
    "trials_run": [
      "trial_1",
      "trial_2",
      "trial_3"
    ]
  },
  "results": {
    "original": {
      "device10": {
        "auth_tvr": 1.0,
        "rogue_tvr": 0.9759036144578314,
        "adr": 0.9879518072289157,
        "k": 4
      },
      "device6": {
        "auth_tvr": 1.0,
        "rogue_tvr": 0.9518072289156626,
        "adr": 0.9759036144578312,
        "k": 21
      },
      "device12": {
        "auth_tvr": 1.0,
        "rogue_tvr": 0.9518072289156626,
        "adr": 0.9759036144578312,
        "k": 6
      },
      "device3": {
        "auth_tvr": 1.0,
        "rogue_tvr": 0.8795180722891566,
        "adr": 0.9397590361445782,
        "k": 4
      },
      "device11": {
        "auth_tvr": 0.0,
        "rogue_tvr": 0.963855421686747,
        "adr": 0.4819277108433735,
        "k": 1
      },
      "device1": {
        "auth_tvr": 0.6666666666666666,
        "rogue_tvr": 0.9518072289156626,
        "adr": 0.8092369477911646,
        "k": 1
      },
      "_summary": {
        "mean_auth_tvr": 0.7777777777777778,
        "mean_rogue_tvr": 0.9457831325301206,
        "mean_adr": 0.8617804551539492
      }
    },
    "fix1": {
      "device10": {
        "auth_tvr": 0.5,
        "rogue_tvr": 0.891566265060241,
        "adr": 0.6957831325301205,
        "k": 8
      },
      "device6": {
        "auth_tvr": 1.0,
        "rogue_tvr": 0.963855421686747,
        "adr": 0.9819277108433735,
        "k": 280
      },
      "device12": {
        "auth_tvr": 1.0,
        "rogue_tvr": 0.891566265060241,
        "adr": 0.9457831325301205,
        "k": 43
      },
      "device3": {
        "auth_tvr": 1.0,
        "rogue_tvr": 0.8674698795180723,
        "adr": 0.9337349397590362,
        "k": 1
      },
      "device11": {
        "auth_tvr": 1.0,
        "rogue_tvr": 0.9759036144578314,
        "adr": 0.9879518072289157,
        "k": 6
      },
      "device1": {
        "auth_tvr": 0.6666666666666666,
        "rogue_tvr": 0.927710843373494,
        "adr": 0.7971887550200802,
        "k": 27
      },
      "_summary": {
        "mean_auth_tvr": 0.8611111111111112,
        "mean_rogue_tvr": 0.9196787148594378,
        "mean_adr": 0.8903949129852745
      }
    },
    "fix1_2": {
      "device10": {
        "auth_tvr": 0.1,
        "rogue_tvr": 0.9614457831325302,
        "adr": 0.5307228915662651,
        "k": 8
      },
      "device6": {
        "auth_tvr": 0.55,
        "rogue_tvr": 0.9084337349397591,
        "adr": 0.7292168674698796,
        "k": 10
      },
      "device12": {
        "auth_tvr": 0.2,
        "rogue_tvr": 0.9590361445783131,
        "adr": 0.5795180722891565,
        "k": 43
      },
      "device3": {
        "auth_tvr": 0.2,
        "rogue_tvr": 0.9301204819277109,
        "adr": 0.5650602409638554,
        "k": 1
      },
      "device11": {
        "auth_tvr": 0.2,
        "rogue_tvr": 0.9975903614457831,
        "adr": 0.5987951807228915,
        "k": 9
      },
      "device1": {
        "auth_tvr": 0.13333333333333333,
        "rogue_tvr": 0.9855421686746988,
        "adr": 0.559437751004016,
        "k": 27
      },
      "_summary": {
        "mean_auth_tvr": 0.23055555555555554,
        "mean_rogue_tvr": 0.9570281124497991,
        "mean_adr": 0.5937918340026774
      }
    },
    "fix1_2_3": {
      "device10": {
        "auth_tvr": 0.0,
        "rogue_tvr": 0.9710843373493976,
        "adr": 0.4855421686746988,
        "k": 50
      },
      "device6": {
        "auth_tvr": 0.3333333333333333,
        "rogue_tvr": 0.9493975903614459,
        "adr": 0.6413654618473896,
        "k": 50
      },
      "device12": {
        "auth_tvr": 0.0,
        "rogue_tvr": 0.9397590361445782,
        "adr": 0.4698795180722891,
        "k": 50
      },
      "device3": {
        "auth_tvr": 0.1,
        "rogue_tvr": 0.9397590361445782,
        "adr": 0.5198795180722892,
        "k": 50
      },
      "device11": {
        "auth_tvr": 0.0,
        "rogue_tvr": 0.9927710843373493,
        "adr": 0.49638554216867464,
        "k": 50
      },
      "device1": {
        "auth_tvr": 0.0,
        "rogue_tvr": 1.0,
        "adr": 0.5,
        "k": 50
      },
      "_summary": {
        "mean_auth_tvr": 0.07222222222222223,
        "mean_rogue_tvr": 0.9654618473895581,
        "mean_adr": 0.5188420348058902
      }
    },
    "fix1_2_3_balanced": {
      "device10": {
        "auth_tvr": 0.2,
        "rogue_tvr": 0.7132530120481928,
        "adr": 0.4566265060240964,
        "k": 50
      },
      "device6": {
        "auth_tvr": 0.3333333333333333,
        "rogue_tvr": 0.9204819277108435,
        "adr": 0.6269076305220884,
        "k": 50
      },
      "device12": {
        "auth_tvr": 0.2,
        "rogue_tvr": 0.9060240963855423,
        "adr": 0.5530120481927712,
        "k": 50
      },
      "device3": {
        "auth_tvr": 0.2,
        "rogue_tvr": 0.7301204819277108,
        "adr": 0.46506024096385545,
        "k": 50
      },
      "device11": {
        "auth_tvr": 0.2,
        "rogue_tvr": 0.7783132530120482,
        "adr": 0.4891566265060241,
        "k": 50
      },
      "device1": {
        "auth_tvr": 0.8666666666666666,
        "rogue_tvr": 0.2987951807228916,
        "adr": 0.5827309236947791,
        "k": 50
      },
      "_summary": {
        "mean_auth_tvr": 0.3333333333333333,
        "mean_rogue_tvr": 0.7244979919678717,
        "mean_adr": 0.5289156626506024
      }
    },
    "windowed_balanced": {
      "device10": {
        "auth_tvr": 0.45,
        "rogue_tvr": 0.5314285714285714,
        "adr": 0.49071428571428566,
        "k": 50
      },
      "device6": {
        "auth_tvr": 0.5133333333333333,
        "rogue_tvr": 0.8823376623376623,
        "adr": 0.6978354978354978,
        "k": 50
      },
      "device12": {
        "auth_tvr": 0.6799999999999999,
        "rogue_tvr": 0.8122077922077923,
        "adr": 0.7461038961038962,
        "k": 50
      },
      "device3": {
        "auth_tvr": 0.85,
        "rogue_tvr": 0.22415584415584416,
        "adr": 0.537077922077922,
        "k": 50
      },
      "device11": {
        "auth_tvr": 0.51,
        "rogue_tvr": 0.5906493506493506,
        "adr": 0.5503246753246753,
        "k": 50
      },
      "device1": {
        "auth_tvr": 0.8783333333333333,
        "rogue_tvr": 0.17922077922077922,
        "adr": 0.5287770562770563,
        "k": 50
      },
      "_summary": {
        "mean_auth_tvr": 0.6469444444444444,
        "mean_rogue_tvr": 0.5366666666666666,
        "mean_adr": 0.5918055555555555
      }
    }
  }
}