{
  "meta": {
    "notebook": "nb01_ml_baseline",
    "trial": "trial_3",
    "timestamp": "2026-06-04T10:07:59.955711+00:00",
    "git_hash": "75dff0b",
    "k_fixed": 50,
    "n_splits": 5,
    "random_state": 42,
    "trials_run": [
      "trial_1",
      "trial_2",
      "trial_3"
    ]
  },
  "results": {
    "original": {
      "device1": {
        "auth_tvr": 0.6666666666666666,
        "rogue_tvr": 0.9636363636363636,
        "adr": 0.8151515151515152,
        "k": 16
      },
      "device10": {
        "auth_tvr": 1.0,
        "rogue_tvr": 0.9636363636363636,
        "adr": 0.9818181818181818,
        "k": 3
      },
      "device9": {
        "auth_tvr": 0.6666666666666666,
        "rogue_tvr": 0.9636363636363636,
        "adr": 0.8151515151515152,
        "k": 1
      },
      "device8": {
        "auth_tvr": 0.6666666666666666,
        "rogue_tvr": 0.9636363636363636,
        "adr": 0.8151515151515152,
        "k": 103
      },
      "device12": {
        "auth_tvr": 1.0,
        "rogue_tvr": 1.0,
        "adr": 1.0,
        "k": 7
      },
      "device11": {
        "auth_tvr": 0.0,
        "rogue_tvr": 0.9636363636363636,
        "adr": 0.4818181818181818,
        "k": 1
      },
      "device6": {
        "auth_tvr": 1.0,
        "rogue_tvr": 0.9636363636363636,
        "adr": 0.9818181818181818,
        "k": 136
      },
      "device7": {
        "auth_tvr": 1.0,
        "rogue_tvr": 0.9090909090909091,
        "adr": 0.9545454545454546,
        "k": 80
      },
      "_summary": {
        "mean_auth_tvr": 0.75,
        "mean_rogue_tvr": 0.9613636363636363,
        "mean_adr": 0.8556818181818182
      }
    },
    "fix1": {
      "device1": {
        "auth_tvr": 0.3333333333333333,
        "rogue_tvr": 0.9454545454545454,
        "adr": 0.6393939393939394,
        "k": 11
      },
      "device10": {
        "auth_tvr": 0.0,
        "rogue_tvr": 0.9454545454545454,
        "adr": 0.4727272727272727,
        "k": 6
      },
      "device9": {
        "auth_tvr": 0.6666666666666666,
        "rogue_tvr": 0.9636363636363636,
        "adr": 0.8151515151515152,
        "k": 1
      },
      "device8": {
        "auth_tvr": 0.3333333333333333,
        "rogue_tvr": 0.9818181818181818,
        "adr": 0.6575757575757576,
        "k": 67
      },
      "device12": {
        "auth_tvr": 0.0,
        "rogue_tvr": 0.9454545454545454,
        "adr": 0.4727272727272727,
        "k": 7
      },
      "device11": {
        "auth_tvr": 0.0,
        "rogue_tvr": 0.9636363636363636,
        "adr": 0.4818181818181818,
        "k": 1
      },
      "device6": {
        "auth_tvr": 1.0,
        "rogue_tvr": 0.9636363636363636,
        "adr": 0.9818181818181818,
        "k": 191
      },
      "device7": {
        "auth_tvr": 1.0,
        "rogue_tvr": 0.9090909090909091,
        "adr": 0.9545454545454546,
        "k": 54
      },
      "_summary": {
        "mean_auth_tvr": 0.41666666666666663,
        "mean_rogue_tvr": 0.9522727272727272,
        "mean_adr": 0.6844696969696971
      }
    },
    "fix1_2": {
      "device1": {
        "auth_tvr": 0.06666666666666667,
        "rogue_tvr": 1.0,
        "adr": 0.5333333333333333,
        "k": 45
      },
      "device10": {
        "auth_tvr": 0.0,
        "rogue_tvr": 1.0,
        "adr": 0.5,
        "k": 169
      },
      "device9": {
        "auth_tvr": 0.13333333333333333,
        "rogue_tvr": 0.96,
        "adr": 0.5466666666666666,
        "k": 1
      },
      "device8": {
        "auth_tvr": 0.13333333333333333,
        "rogue_tvr": 0.9854545454545454,
        "adr": 0.5593939393939393,
        "k": 74
      },
      "device12": {
        "auth_tvr": 0.0,
        "rogue_tvr": 0.9963636363636365,
        "adr": 0.4981818181818182,
        "k": 2
      },
      "device11": {
        "auth_tvr": 0.0,
        "rogue_tvr": 1.0,
        "adr": 0.5,
        "k": 13
      },
      "device6": {
        "auth_tvr": 0.45,
        "rogue_tvr": 0.9709090909090909,
        "adr": 0.7104545454545454,
        "k": 142
      },
      "device7": {
        "auth_tvr": 0.26666666666666666,
        "rogue_tvr": 0.9345454545454546,
        "adr": 0.6006060606060606,
        "k": 80
      },
      "_summary": {
        "mean_auth_tvr": 0.13125,
        "mean_rogue_tvr": 0.980909090909091,
        "mean_adr": 0.5560795454545455
      }
    },
    "fix1_2_3": {
      "device1": {
        "auth_tvr": 0.06666666666666667,
        "rogue_tvr": 0.9927272727272728,
        "adr": 0.5296969696969698,
        "k": 50
      },
      "device10": {
        "auth_tvr": 0.0,
        "rogue_tvr": 0.9636363636363636,
        "adr": 0.4818181818181818,
        "k": 50
      },
      "device9": {
        "auth_tvr": 0.0,
        "rogue_tvr": 0.9818181818181818,
        "adr": 0.4909090909090909,
        "k": 50
      },
      "device8": {
        "auth_tvr": 0.0,
        "rogue_tvr": 0.96,
        "adr": 0.48,
        "k": 50
      },
      "device12": {
        "auth_tvr": 0.0,
        "rogue_tvr": 0.989090909090909,
        "adr": 0.4945454545454545,
        "k": 50
      },
      "device11": {
        "auth_tvr": 0.0,
        "rogue_tvr": 1.0,
        "adr": 0.5,
        "k": 50
      },
      "device6": {
        "auth_tvr": 0.21666666666666665,
        "rogue_tvr": 0.949090909090909,
        "adr": 0.5828787878787878,
        "k": 50
      },
      "device7": {
        "auth_tvr": 0.1,
        "rogue_tvr": 0.9345454545454546,
        "adr": 0.5172727272727273,
        "k": 50
      },
      "_summary": {
        "mean_auth_tvr": 0.04791666666666666,
        "mean_rogue_tvr": 0.9713636363636364,
        "mean_adr": 0.5096401515151515
      }
    },
    "fix1_2_3_balanced": {
      "device1": {
        "auth_tvr": 0.5666666666666667,
        "rogue_tvr": 0.4618181818181818,
        "adr": 0.5142424242424242,
        "k": 50
      },
      "device10": {
        "auth_tvr": 0.2,
        "rogue_tvr": 0.8654545454545455,
        "adr": 0.5327272727272727,
        "k": 50
      },
      "device9": {
        "auth_tvr": 0.2,
        "rogue_tvr": 0.8072727272727274,
        "adr": 0.5036363636363637,
        "k": 50
      },
      "device8": {
        "auth_tvr": 0.5333333333333333,
        "rogue_tvr": 0.6618181818181819,
        "adr": 0.5975757575757576,
        "k": 50
      },
      "device12": {
        "auth_tvr": 0.0,
        "rogue_tvr": 0.9563636363636364,
        "adr": 0.4781818181818182,
        "k": 50
      },
      "device11": {
        "auth_tvr": 0.0,
        "rogue_tvr": 0.8327272727272728,
        "adr": 0.4163636363636364,
        "k": 50
      },
      "device6": {
        "auth_tvr": 0.4,
        "rogue_tvr": 0.9199999999999999,
        "adr": 0.6599999999999999,
        "k": 50
      },
      "device7": {
        "auth_tvr": 0.2,
        "rogue_tvr": 0.8618181818181817,
        "adr": 0.5309090909090909,
        "k": 50
      },
      "_summary": {
        "mean_auth_tvr": 0.2625,
        "mean_rogue_tvr": 0.7959090909090909,
        "mean_adr": 0.5292045454545455
      }
    },
    "windowed_balanced": {
      "device1": {
        "auth_tvr": 0.9066666666666666,
        "rogue_tvr": 0.1792156862745098,
        "adr": 0.5429411764705883,
        "k": 50
      },
      "device10": {
        "auth_tvr": 0.39,
        "rogue_tvr": 0.5035294117647059,
        "adr": 0.44676470588235295,
        "k": 50
      },
      "device9": {
        "auth_tvr": 0.7583333333333334,
        "rogue_tvr": 0.3,
        "adr": 0.5291666666666667,
        "k": 50
      },
      "device8": {
        "auth_tvr": 0.6366666666666666,
        "rogue_tvr": 0.4423529411764706,
        "adr": 0.5395098039215687,
        "k": 50
      },
      "device12": {
        "auth_tvr": 0.54,
        "rogue_tvr": 0.7972549019607843,
        "adr": 0.6686274509803922,
        "k": 50
      },
      "device11": {
        "auth_tvr": 0.51,
        "rogue_tvr": 0.6247058823529412,
        "adr": 0.5673529411764706,
        "k": 50
      },