{
  "meta": {
    "notebook": "nb01_ml_baseline",
    "trial": "trial_3",
    "timestamp": "2026-06-11T09:20:20.011346+00:00",
    "git_hash": "2ef0b50",
    "k_fixed": 50,
    "n_splits": 5,
    "random_state": 42,
    "trials_run": [
      "trial_1",
      "trial_2",
      "trial_3"
    ]
  },
  "results": {
    "original": {
      "device1": {
        "auth_tvr": 1.0,
        "rogue_tvr": 0.9818181818181818,
        "adr": 0.990909090909091,
        "k": 31
      },
      "device10": {
        "auth_tvr": 1.0,
        "rogue_tvr": 1.0,
        "adr": 1.0,
        "k": 3
      },
      "device9": {
        "auth_tvr": 1.0,
        "rogue_tvr": 0.9636363636363636,
        "adr": 0.9818181818181818,
        "k": 114
      },
      "device8": {
        "auth_tvr": 1.0,
        "rogue_tvr": 0.9454545454545454,
        "adr": 0.9727272727272727,
        "k": 11
      },
      "device12": {
        "auth_tvr": 1.0,
        "rogue_tvr": 1.0,
        "adr": 1.0,
        "k": 3
      },
      "device11": {
        "auth_tvr": 1.0,
        "rogue_tvr": 1.0,
        "adr": 1.0,
        "k": 15
      },
      "device6": {
        "auth_tvr": 1.0,
        "rogue_tvr": 0.9636363636363636,
        "adr": 0.9818181818181818,
        "k": 41
      },
      "device7": {
        "auth_tvr": 1.0,
        "rogue_tvr": 0.9818181818181818,
        "adr": 0.990909090909091,
        "k": 10
      },
      "_summary": {
        "mean_auth_tvr": 1.0,
        "mean_rogue_tvr": 0.9795454545454545,
        "mean_adr": 0.9897727272727272
      }
    },
    "variant_a": {
      "device1": {
        "auth_tvr": 0.5,
        "rogue_tvr": 0.9636363636363636,
        "adr": 0.7318181818181818,
        "k": 24
      },
      "device10": {
        "auth_tvr": 1.0,
        "rogue_tvr": 1.0,
        "adr": 1.0,
        "k": 49
      },
      "device9": {
        "auth_tvr": 0.6666666666666666,
        "rogue_tvr": 0.9454545454545454,
        "adr": 0.806060606060606,
        "k": 6
      },
      "device8": {
        "auth_tvr": 0.6666666666666666,
        "rogue_tvr": 0.9272727272727272,
        "adr": 0.7969696969696969,
        "k": 25
      },
      "device12": {
        "auth_tvr": 1.0,
        "rogue_tvr": 1.0,
        "adr": 1.0,
        "k": 4
      },
      "device11": {
        "auth_tvr": 0.5,
        "rogue_tvr": 1.0,
        "adr": 0.75,
        "k": 219
      },
      "device6": {
        "auth_tvr": 1.0,
        "rogue_tvr": 0.9818181818181818,
        "adr": 0.990909090909091,
        "k": 48
      },
      "device7": {
        "auth_tvr": 0.5,
        "rogue_tvr": 0.9454545454545454,
        "adr": 0.7227272727272727,
        "k": 20
      },
      "_summary": {
        "mean_auth_tvr": 0.7291666666666666,
        "mean_rogue_tvr": 0.9704545454545455,
        "mean_adr": 0.8498106060606061
      }
    },
    "variant_ab": {
      "device1": {
        "auth_tvr": 0.16666666666666666,
        "rogue_tvr": 0.989090909090909,
        "adr": 0.5778787878787879,
        "k": 32
      },
      "device10": {
        "auth_tvr": 0.2,
        "rogue_tvr": 0.9963636363636363,
        "adr": 0.5981818181818181,
        "k": 49
      },
      "device9": {
        "auth_tvr": 0.3666666666666666,
        "rogue_tvr": 0.9381818181818182,
        "adr": 0.6524242424242424,
        "k": 55
      },
      "device8": {
        "auth_tvr": 0.2,
        "rogue_tvr": 0.9563636363636364,
        "adr": 0.5781818181818182,
        "k": 48
      },
      "device12": {
        "auth_tvr": 0.2,
        "rogue_tvr": 0.989090909090909,
        "adr": 0.5945454545454545,
        "k": 4
      },
      "device11": {
        "auth_tvr": 0.1,
        "rogue_tvr": 0.9963636363636365,
        "adr": 0.5481818181818182,
        "k": 219
      },
      "device6": {
        "auth_tvr": 0.55,
        "rogue_tvr": 0.9854545454545454,
        "adr": 0.7677272727272727,
        "k": 140
      },
      "device7": {
        "auth_tvr": 0.16666666666666666,
        "rogue_tvr": 1.0,
        "adr": 0.5833333333333334,
        "k": 51
      },
      "_summary": {
        "mean_auth_tvr": 0.24375,
        "mean_rogue_tvr": 0.9813636363636363,
        "mean_adr": 0.6125568181818182
      }
    },
    "variant_abc": {
      "device1": {
        "auth_tvr": 0.0,
        "rogue_tvr": 0.9854545454545456,
        "adr": 0.4927272727272728,
        "k": 50
      },
      "device10": {
        "auth_tvr": 0.0,
        "rogue_tvr": 1.0,
        "adr": 0.5,
        "k": 50
      },
      "device9": {
        "auth_tvr": 0.0,
        "rogue_tvr": 0.9127272727272727,
        "adr": 0.45636363636363636,
        "k": 50
      },
      "device8": {
        "auth_tvr": 0.0,
        "rogue_tvr": 0.96,
        "adr": 0.48,
        "k": 50
      },
      "device12": {
        "auth_tvr": 0.0,
        "rogue_tvr": 1.0,
        "adr": 0.5,
        "k": 50
      },
      "device11": {
        "auth_tvr": 0.0,
        "rogue_tvr": 0.9963636363636365,
        "adr": 0.4981818181818182,
        "k": 50
      },
      "device6": {
        "auth_tvr": 0.2833333333333333,
        "rogue_tvr": 0.9563636363636364,
        "adr": 0.6198484848484849,
        "k": 50
      },
      "device7": {
        "auth_tvr": 0.06666666666666667,
        "rogue_tvr": 0.9745454545454546,
        "adr": 0.5206060606060606,
        "k": 50
      },
      "_summary": {
        "mean_auth_tvr": 0.04375,
        "mean_rogue_tvr": 0.9731818181818183,
        "mean_adr": 0.5084659090909092
      }
    },
    "windowed": {
      "device1": {
        "auth_tvr": 0.08666666666666667,
        "rogue_tvr": 0.9474509803921569,
        "adr": 0.5170588235294118,
        "k": 50
      },
      "device10": {
        "auth_tvr": 0.0,
        "rogue_tvr": 0.9929411764705882,
        "adr": 0.4964705882352941,
        "k": 50
      },
      "device9": {
        "auth_tvr": 0.03166666666666666,
        "rogue_tvr": 0.9756862745098038,
        "adr": 0.5036764705882353,
        "k": 50
      },
      "device8": {
        "auth_tvr": 0.09,
        "rogue_tvr": 0.9862745098039216,
        "adr": 0.5381372549019608,
        "k": 50
      },
      "device12": {
        "auth_tvr": 0.0,
        "rogue_tvr": 0.9894117647058824,
        "adr": 0.4947058823529412,
        "k": 50
      },
      "device11": {
        "auth_tvr": 0.0,
        "rogue_tvr": 0.9968627450980392,
        "adr": 0.4984313725490196,
        "k": 50
      },
      "device6": {
        "auth_tvr": 0.4266666666666666,
        "rogue_tvr": 0.8952941176470588,
        "adr": 0.6609803921568627,
        "k": 50
      },
      "device7": {
        "auth_tvr": 0.05333333333333333,
        "rogue_tvr": 0.968627450980392,
        "adr": 0.5109803921568626,
        "k": 50
      },
      "_summary": {
        "mean_auth_tvr": 0.08604166666666666,
        "mean_rogue_tvr": 0.9690686274509803,
        "mean_adr": 0.5275551470588236
      }
    }
  }
}