{
  "meta": {
    "notebook": "nb01_ml_baseline",
    "trial": "trial_2",
    "timestamp": "2026-06-11T09:20:19.813377+00:00",
    "git_hash": "2ef0b50",
    "k_fixed": 50,
    "n_splits": 5,
    "random_state": 42,
    "trials_run": [
      "trial_1",
      "trial_2",
      "trial_3"
    ]
  },
  "results": {
    "original": {
      "device10": {
        "auth_tvr": 1.0,
        "rogue_tvr": 0.9518072289156626,
        "adr": 0.9759036144578312,
        "k": 5
      },
      "device6": {
        "auth_tvr": 1.0,
        "rogue_tvr": 0.9518072289156626,
        "adr": 0.9759036144578312,
        "k": 35
      },
      "device12": {
        "auth_tvr": 1.0,
        "rogue_tvr": 0.963855421686747,
        "adr": 0.9819277108433735,
        "k": 8
      },
      "device3": {
        "auth_tvr": 1.0,
        "rogue_tvr": 0.9518072289156626,
        "adr": 0.9759036144578312,
        "k": 134
      },
      "device11": {
        "auth_tvr": 1.0,
        "rogue_tvr": 0.9879518072289156,
        "adr": 0.9939759036144578,
        "k": 8
      },
      "device1": {
        "auth_tvr": 1.0,
        "rogue_tvr": 0.963855421686747,
        "adr": 0.9819277108433735,
        "k": 19
      },
      "_summary": {
        "mean_auth_tvr": 1.0,
        "mean_rogue_tvr": 0.961847389558233,
        "mean_adr": 0.9809236947791163
      }
    },
    "variant_a": {
      "device10": {
        "auth_tvr": 0.5,
        "rogue_tvr": 0.9759036144578314,
        "adr": 0.7379518072289157,
        "k": 3
      },
      "device6": {
        "auth_tvr": 1.0,
        "rogue_tvr": 0.9518072289156626,
        "adr": 0.9759036144578312,
        "k": 44
      },
      "device12": {
        "auth_tvr": 1.0,
        "rogue_tvr": 0.9518072289156626,
        "adr": 0.9759036144578312,
        "k": 5
      },
      "device3": {
        "auth_tvr": 1.0,
        "rogue_tvr": 0.9518072289156626,
        "adr": 0.9759036144578312,
        "k": 79
      },
      "device11": {
        "auth_tvr": 1.0,
        "rogue_tvr": 0.9518072289156626,
        "adr": 0.9759036144578312,
        "k": 4
      },
      "device1": {
        "auth_tvr": 1.0,
        "rogue_tvr": 0.9879518072289156,
        "adr": 0.9939759036144578,
        "k": 98
      },
      "_summary": {
        "mean_auth_tvr": 0.9166666666666666,
        "mean_rogue_tvr": 0.9618473895582329,
        "mean_adr": 0.9392570281124497
      }
    },
    "variant_ab": {
      "device10": {
        "auth_tvr": 0.1,
        "rogue_tvr": 1.0,
        "adr": 0.55,
        "k": 455
      },
      "device6": {
        "auth_tvr": 0.6833333333333333,
        "rogue_tvr": 0.9132530120481928,
        "adr": 0.798293172690763,
        "k": 226
      },
      "device12": {
        "auth_tvr": 0.2,
        "rogue_tvr": 1.0,
        "adr": 0.6,
        "k": 44
      },
      "device3": {
        "auth_tvr": 0.3,
        "rogue_tvr": 0.9662650602409638,
        "adr": 0.6331325301204819,
        "k": 407
      },
      "device11": {
        "auth_tvr": 0.2,
        "rogue_tvr": 1.0,
        "adr": 0.6,
        "k": 34
      },
      "device1": {
        "auth_tvr": 0.26666666666666666,
        "rogue_tvr": 0.9518072289156627,
        "adr": 0.6092369477911647,
        "k": 98
      },
      "_summary": {
        "mean_auth_tvr": 0.2916666666666667,
        "mean_rogue_tvr": 0.9718875502008033,
        "mean_adr": 0.631777108433735
      }
    },
    "variant_abc": {
      "device10": {
        "auth_tvr": 0.0,
        "rogue_tvr": 0.9975903614457831,
        "adr": 0.49879518072289153,
        "k": 50
      },
      "device6": {
        "auth_tvr": 0.45,
        "rogue_tvr": 0.9060240963855423,
        "adr": 0.6780120481927712,
        "k": 50
      },
      "device12": {
        "auth_tvr": 0.0,
        "rogue_tvr": 0.9951807228915662,
        "adr": 0.4975903614457831,
        "k": 50
      },
      "device3": {
        "auth_tvr": 0.1,
        "rogue_tvr": 0.906024096385542,
        "adr": 0.503012048192771,
        "k": 50
      },
      "device11": {
        "auth_tvr": 0.0,
        "rogue_tvr": 0.9951807228915662,
        "adr": 0.4975903614457831,
        "k": 50
      },
      "device1": {
        "auth_tvr": 0.1,
        "rogue_tvr": 0.9686746987951806,
        "adr": 0.5343373493975904,
        "k": 50
      },
      "_summary": {
        "mean_auth_tvr": 0.10833333333333334,
        "mean_rogue_tvr": 0.9614457831325302,
        "mean_adr": 0.5348895582329317
      }
    },
    "windowed": {
      "device10": {
        "auth_tvr": 0.05,
        "rogue_tvr": 0.9812987012987013,
        "adr": 0.5156493506493507,
        "k": 50
      },
      "device6": {
        "auth_tvr": 0.5,
        "rogue_tvr": 0.903896103896104,
        "adr": 0.701948051948052,
        "k": 50
      },
      "device12": {
        "auth_tvr": 0.09,
        "rogue_tvr": 0.9823376623376625,
        "adr": 0.5361688311688313,
        "k": 50
      },
      "device3": {
        "auth_tvr": 0.21666666666666665,
        "rogue_tvr": 0.8922077922077921,
        "adr": 0.5544372294372294,
        "k": 50
      },
      "device11": {
        "auth_tvr": 0.030000000000000006,
        "rogue_tvr": 0.9750649350649351,
        "adr": 0.5025324675324675,
        "k": 50
      },
      "device1": {
        "auth_tvr": 0.29333333333333333,
        "rogue_tvr": 0.8438961038961039,
        "adr": 0.5686147186147186,
        "k": 50
      },
      "_summary": {
        "mean_auth_tvr": 0.19666666666666668,
        "mean_rogue_tvr": 0.9297835497835498,
        "mean_adr": 0.5632251082251082
      }
    }
  }
}