{
  "meta": {
    "notebook": "nb01_ml_baseline",
    "trial": "trial_1",
    "timestamp": "2026-06-11T09:20:19.746492+00:00",
    "git_hash": "2ef0b50",
    "k_fixed": 50,
    "n_splits": 5,
    "random_state": 42,
    "trials_run": [
      "trial_1",
      "trial_2",
      "trial_3"
    ]
  },
  "results": {
    "original": {
      "device3": {
        "auth_tvr": 1.0,
        "rogue_tvr": 0.96,
        "adr": 0.98,
        "k": 81
      },
      "device2": {
        "auth_tvr": 1.0,
        "rogue_tvr": 0.96,
        "adr": 0.98,
        "k": 84
      },
      "device12": {
        "auth_tvr": 1.0,
        "rogue_tvr": 0.96,
        "adr": 0.98,
        "k": 5
      },
      "device9": {
        "auth_tvr": 1.0,
        "rogue_tvr": 0.96,
        "adr": 0.98,
        "k": 44
      },
      "_summary": {
        "mean_auth_tvr": 1.0,
        "mean_rogue_tvr": 0.96,
        "mean_adr": 0.98
      }
    },
    "variant_a": {
      "device3": {
        "auth_tvr": 1.0,
        "rogue_tvr": 0.95,
        "adr": 0.975,
        "k": 283
      },
      "device2": {
        "auth_tvr": 1.0,
        "rogue_tvr": 0.95,
        "adr": 0.975,
        "k": 140
      },
      "device12": {
        "auth_tvr": 1.0,
        "rogue_tvr": 0.96,
        "adr": 0.98,
        "k": 3
      },
      "device9": {
        "auth_tvr": 1.0,
        "rogue_tvr": 0.96,
        "adr": 0.98,
        "k": 155
      },
      "_summary": {
        "mean_auth_tvr": 1.0,
        "mean_rogue_tvr": 0.955,
        "mean_adr": 0.9774999999999999
      }
    },
    "variant_ab": {
      "device3": {
        "auth_tvr": 0.36666666666666664,
        "rogue_tvr": 0.924,
        "adr": 0.6453333333333333,
        "k": 491
      },
      "device2": {
        "auth_tvr": 0.4333333333333333,
        "rogue_tvr": 0.8779999999999999,
        "adr": 0.6556666666666666,
        "k": 152
      },
      "device12": {
        "auth_tvr": 0.5,
        "rogue_tvr": 0.966,
        "adr": 0.733,
        "k": 24
      },
      "device9": {
        "auth_tvr": 0.4,
        "rogue_tvr": 0.916,
        "adr": 0.658,
        "k": 78
      },
      "_summary": {
        "mean_auth_tvr": 0.42499999999999993,
        "mean_rogue_tvr": 0.9209999999999999,
        "mean_adr": 0.6729999999999999
      }
    },
    "variant_abc": {
      "device3": {
        "auth_tvr": 0.1,
        "rogue_tvr": 0.9099999999999999,
        "adr": 0.505,
        "k": 50
      },
      "device2": {
        "auth_tvr": 0.13333333333333333,
        "rogue_tvr": 0.868,
        "adr": 0.5006666666666667,
        "k": 50
      },
      "device12": {
        "auth_tvr": 0.0,
        "rogue_tvr": 0.97,
        "adr": 0.485,
        "k": 50
      },
      "device9": {
        "auth_tvr": 0.0,
        "rogue_tvr": 0.908,
        "adr": 0.454,
        "k": 50
      },
      "_summary": {
        "mean_auth_tvr": 0.058333333333333334,
        "mean_rogue_tvr": 0.914,
        "mean_adr": 0.4861666666666667
      }
    },
    "windowed": {
      "device3": {
        "auth_tvr": 0.22000000000000003,
        "rogue_tvr": 0.8737078651685394,
        "adr": 0.5468539325842697,
        "k": 50
      },
      "device2": {
        "auth_tvr": 0.355,
        "rogue_tvr": 0.8606741573033709,
        "adr": 0.6078370786516855,
        "k": 50
      },
      "device12": {
        "auth_tvr": 0.15,
        "rogue_tvr": 0.9337078651685393,
        "adr": 0.5418539325842696,
        "k": 50
      },
      "device9": {
        "auth_tvr": 0.33666666666666667,
        "rogue_tvr": 0.7993258426966292,
        "adr": 0.5679962546816479,
        "k": 50
      },
      "_summary": {
        "mean_auth_tvr": 0.26541666666666663,
        "mean_rogue_tvr": 0.8668539325842697,
        "mean_adr": 0.5661352996254683
      }
    }
  }
}